{
  "trc": {
    "error_mean": 0.0716351568698883,
    "error_std": 0.04437633231282234,
    "cost_mean": 7.415026664733887,
    "cost_std": 6.5818772315979,
    "success_rate": 0.7280000448226929,
    "inference_time_ms": 167.87433624267578,
    "memory_mb": 2.0240402221679688,
    "parameters": 530590
  },
  "random": {
    "error_mean": 8.12940788269043,
    "error_std": 5.50297737121582,
    "cost_mean": 60.65729904174805,
    "cost_std": 21.949586868286133,
    "success_rate": 0.0
  },
  "lqr": {
    "error_mean": 0.0715588703751564,
    "error_std": 0.043878983706235886,
    "cost_mean": 7.414646625518799,
    "cost_std": 6.581599235534668,
    "success_rate": 0.7290000319480896
  }
}