{
  "trc": {
    "error_mean": 1.7846676111221313,
    "error_std": 1.01703941822052,
    "cost_mean": 17.255691528320312,
    "cost_std": 15.044994354248047,
    "success_rate": 0.01600000075995922,
    "inference_time_ms": 170.90845108032227,
    "memory_mb": 2.0240402221679688,
    "parameters": 530590
  },
  "random": {
    "error_mean": 8.323521614074707,
    "error_std": 5.642754077911377,
    "cost_mean": 60.357852935791016,
    "cost_std": 22.411510467529297,
    "success_rate": 0.0
  },
  "lqr": {
    "error_mean": 1.7823783159255981,
    "error_std": 1.0159295797348022,
    "cost_mean": 17.256528854370117,
    "cost_std": 15.053338050842285,
    "success_rate": 0.01600000075995922
  }
}